{
  "train_loss": [
    0.52701,
    0.30419,
    0.3765,
    0.27604,
    0.21529,
    0.35525,
    0.19555,
    0.23221,
    0.1449,
    0.1703,
    0.17748,
    0.15539,
    0.08094,
    0.09799,
    0.11056,
    0.19954,
    0.11042,
    0.0907,
    0.14752,
    0.13768,
    0.10903,
    0.04584,
    0.04008,
    0.04161,
    0.05519,
    0.08414,
    0.07634,
    0.04146,
    0.02305,
    0.0368,
    0.0474,
    0.05621,
    0.03207,
    0.04206,
    0.02858,
    0.03088,
    0.02918,
    0.02885,
    0.02382,
    0.01135,
    0.01777,
    0.01055,
    0.01005,
    0.01352,
    0.0091,
    0.01005,
    0.00723,
    0.00493,
    0.00378,
    0.00593,
    0.00291,
    0.00599,
    0.01347,
    0.00398,
    0.00471,
    0.00367,
    0.00291,
    0.00838,
    0.00319,
    0.002
  ],
  "val_loss": [
    0.2267,
    0.76029,
    0.25611,
    0.07579,
    0.09313,
    0.17937,
    0.11573,
    0.14217,
    0.21979,
    0.09082,
    0.04746,
    0.13645,
    0.0368,
    0.07161,
    0.12612,
    0.06061,
    0.13353,
    0.1333,
    0.00765,
    0.135,
    0.01451,
    0.05607,
    0.06183,
    0.02298,
    0.05483,
    0.02348,
    0.06223,
    0.07766,
    0.03296,
    0.08267,
    0.03926,
    0.03764,
    0.03243,
    0.02636,
    0.08478,
    0.01562,
    0.03216,
    0.011,
    0.022,
    0.00766,
    0.0069,
    0.00889,
    0.02495,
    0.02953,
    0.00794,
    0.00606,
    0.00752,
    0.00642,
    0.00885,
    0.00873,
    0.0089,
    0.01814,
    0.01813,
    0.00919,
    0.00972,
    0.01736,
    0.01639,
    0.02172,
    0.01327,
    0.01809
  ],
  "train_acc": [
    93.75,
    90.0,
    93.75,
    95.0,
    93.75,
    95.0,
    97.5,
    93.75,
    92.5,
    95.0,
    98.75,
    96.25,
    98.75,
    97.5,
    96.25,
    98.75,
    97.5,
    95.0,
    100.0,
    96.25,
    100.0,
    95.0,
    97.5,
    98.75,
    97.5,
    98.75,
    96.25,
    97.5,
    98.75,
    96.25,
    97.5,
    98.75,
    98.75,
    97.5,
    96.25,
    100.0,
    97.5,
    100.0,
    100.0,
    100.0,
    100.0,
    100.0,
    98.75,
    97.5,
    100.0,
    100.0,
    100.0,
    100.0,
    100.0,
    100.0,
    100.0,
    100.0,
    100.0,
    100.0,
    100.0,
    100.0,
    100.0,
    98.75,
    100.0,
    100.0
  ],
  "val_acc": [
    93.75,
    90.0,
    93.75,
    95.0,
    93.75,
    95.0,
    97.5,
    93.75,
    92.5,
    95.0,
    98.75,
    96.25,
    98.75,
    97.5,
    96.25,
    98.75,
    97.5,
    95.0,
    100.0,
    96.25,
    100.0,
    95.0,
    97.5,
    98.75,
    97.5,
    98.75,
    96.25,
    97.5,
    98.75,
    96.25,
    97.5,
    98.75,
    98.75,
    97.5,
    96.25,
    100.0,
    97.5,
    100.0,
    100.0,
    100.0,
    100.0,
    100.0,
    98.75,
    97.5,
    100.0,
    100.0,
    100.0,
    100.0,
    100.0,
    100.0,
    100.0,
    100.0,
    100.0,
    100.0,
    100.0,
    100.0,
    100.0,
    98.75,
    100.0,
    100.0
  ],
  "precision": [],
  "recall": [],
  "map50": [],
  "map": []
}